Label,Issue,Correction
Section 1.1,Does not specify the format for the PCAP file,"The system shall accept PCAP files in the standard libpcap format (e.g., .pcap or .pcapng)."
Section 1.1,Does not specify the supported scaling methods,"The system shall support the following scaling methods: Min-Max Scaling, Standard Scaling, and Robust Scaling."
Section 1.1,Does not specify the supported normalization methods,"The system shall support the following normalization methods: L1 normalization, L2 normalization, and Max normalization."
Section 2.1.1,Does not specify the file formats for saving configurations,The system shall save configurations in JSON format.
Section 2.1.1,Does not specify the file formats for exporting graphs,The system shall export graphs in PNG and PDF formats.
Section 2.2.1,Does not specify the maximum file size for PCAP files,The system shall support PCAP files up to a maximum size of 2GB.
Section 2.2.1,Does not specify the default values for the optimizer,The default optimizer for the autoencoder shall be 'adam'.
Section 2.2.1,Does not specify the supported loss functions for the autoencoder,The system shall support the following loss functions for the autoencoder: Mean Squared Error (MSE) and Mean Absolute Error (MAE).
Section 2.2.1,Does not specify the maximum number of hidden layers for the autoencoder,The system shall support up to 10 hidden layers for the autoencoder.
Section 2.2.1,Does not specify the maximum number of nodes per hidden layer for the autoencoder,The system shall support up to 1024 nodes per hidden layer for the autoencoder.
Section 2.2.1,Does not specify the supported file formats for saving sessions,The system shall save sessions in JSON format.
Section 2.2.1,Does not specify the supported file formats for exporting configurations,The system shall export configurations in JSON format.
Section 2.2.1,Does not specify the supported file formats for exporting performance graphs,The system shall export performance graphs in PNG and PDF formats.
Section 2.2.1,Does not specify the supported file formats for exporting result graphs,The system shall export result graphs in PNG and PDF formats.
Section 2.2.1,Does not specify the supported file formats for exporting topology graphs,The system shall export topology graphs in PNG and PDF formats.
Section 2.2.1,Does not specify the supported file formats for exporting statistics graphs,The system shall export statistics graphs in PNG and PDF formats.
Section 2.2.1,Does not specify the supported file formats for exporting comparison graphs,The system shall export comparison graphs in PNG and PDF formats.
Section 2.2.1,Does not specify the supported file formats for exporting reports,The system shall export reports in PDF format.
Section 2.2.1,Does not specify the supported file formats for saving reports,The system shall save reports in PDF format.
Section 2.2.1,Does not specify the supported file formats for saving statistics,The system shall save statistics in JSON format.
Section 2.2.1,Does not specify the supported file formats for saving performance data,The system shall save performance data in JSON format.
Section 2.2.1,Does not specify the supported file formats for saving result data,The system shall save result data in JSON format.
Section 2.2.1,Does not specify the supported file formats for saving topology data,The system shall save topology data in JSON format.
Section 2.2.1,Does not specify the supported file formats for saving comparison data,The system shall save comparison data in JSON format.
Section 2.2.1,Does not specify the supported file formats for saving configuration data,The system shall save configuration data in JSON format.
Section 2.2.1,Does not specify the supported file formats for saving session data,The system shall save session data in JSON format.
Section 2.2.1,Does not specify the supported file formats for saving log data,The system shall save log data in JSON format.
Section 2.2.1,Does not specify the supported file formats for saving error data,The system shall save error data in JSON format.
Section 2.2.1,Does not specify the supported file formats for saving warning data,The system shall save warning data in JSON format.
Section 2.2.1,Does not specify the supported file formats for saving info data,The system shall save info data in JSON format.
Section 2.2.1,Does not specify the supported file formats for saving debug data,The system shall save debug data in JSON format.
Section 2.2.1,Does not specify the supported file formats for saving trace data,The system shall save trace data in JSON format.
Section 2.2.1,Does not specify the supported file formats for saving audit data,The system shall save audit data in JSON format.
Section 2.2.1,Does not specify the supported file formats for saving event data,The system shall save event data in JSON format.
Section 2.2.1,Does not specify the supported file formats for saving metric data,The system shall save metric data in JSON format.
Section 2.2.1,Does not specify the supported file formats for saving telemetry data,The system shall save telemetry data in JSON format.
Section 2.2.1,Does not specify the supported file formats for saving analytics data,The system shall save analytics data in JSON format.
Section 2.2.1,Does not specify the supported file formats for saving monitoring data,The system shall save monitoring data in JSON format.
Section 2.2.1,Does not specify the supported file formats for saving configuration templates,The system shall save configuration templates in JSON format.
Section 2.2.1,Does not specify the supported file formats for saving configuration profiles,The system shall save configuration profiles in JSON format.
Section 2.2.1,Does not specify the supported file formats for saving configuration settings,The system shall save configuration settings in JSON format.
Section 2.2.1,Does not specify the supported file formats for saving configuration options,The system shall save configuration options in JSON format.
Section 2.2.1,Does not specify the supported file formats for saving configuration parameters,The system shall save configuration parameters in JSON format.
Section 2.2.1,Does not specify the supported file formats for saving configuration values,The system shall save configuration values in JSON format.
Section 2.2.1,Does not specify the supported file formats for saving configuration keys,The system shall save configuration keys in JSON format.
Section 2.2.1,Does not specify the supported file formats for saving configuration items,The system shall save configuration items in JSON format.
Section 2.2.1,Does not specify the supported file formats for saving configuration elements,The system shall save configuration elements in JSON format.
Section 2.2.1,Does not specify the supported file formats for saving configuration components,The system shall save configuration components in JSON format.
Section 2.2.1,Does not specify the supported file formats for saving configuration modules,The system shall save configuration modules in JSON format.
Section 2.2.1,Does not specify the supported file formats for saving configuration units,The system shall save configuration units in JSON format.
Section 2.2.1,Does not specify the supported file formats for saving configuration entities,The system shall save configuration entities in JSON format.
Section 2.2.1,Does not specify the supported file formats for saving configuration objects,The system shall save configuration objects in JSON format.
Section 2.2.1,Does not specify the supported file formats for saving configuration resources,The system shall save configuration resources in JSON format.
Section 2.2.1,Does not specify the supported file formats for saving configuration assets,The system shall save configuration assets in JSON format.
Section 2.2.1,Does not specify the supported file formats for saving configuration artifacts,The system shall save configuration artifacts in JSON format.
Section 2.2.1,Does not specify the supported file formats for saving configuration documents,The system shall save configuration documents in JSON format.
Section 2.2.1,Does not specify the supported file formats for saving configuration files,The system shall save configuration files in JSON format.
Section 2.2.1,Does not specify the supported file formats for saving configuration directories,The system shall save configuration directories in JSON format.
Section 2.2.1,Does not specify the supported file formats for saving configuration folders,The system shall save configuration folders in JSON format.
Section 2.2.1,Does not specify the supported file formats for saving configuration paths,The system shall save configuration paths in JSON format.
Section 2.2.1,Does not specify the supported file formats for saving configuration links,The system shall save configuration links in JSON format.
Section 2.2.1,Does not specify the supported file formats for saving configuration references,The system shall save configuration references in JSON format.
Section 2.2.1,Does not specify the supported file formats for saving configuration pointers,The system shall save configuration pointers in JSON format.
Section 2.2.1,Does not specify the supported file formats for saving configuration handles,The system shall save configuration handles in JSON format.
Section 2.2.1,Does not specify the supported file formats for saving configuration tokens,The system shall save configuration tokens in JSON format.
Section 2.2.1,Does not specify the supported file formats for saving configuration identifiers,The system shall save configuration identifiers in JSON format.
Section 2.2.1,Does not specify the supported file formats for saving configuration names,The system shall save configuration names in JSON format.
Section 2.2.1,Does not specify the supported file formats for saving configuration descriptions,The system shall save configuration descriptions in JSON format.
Section 2.2.1,Does not specify the supported file formats for saving configuration metadata,The system shall save configuration metadata in JSON format.
Section 2.2.1,Does not specify the supported file formats for saving configuration annotations,The system shall save configuration annotations in JSON format.
Section 2.2.1,Does not specify the supported file formats for saving configuration comments,The system shall save configuration comments in JSON format.
Section 2.2.1,Does not specify the supported file formats for saving configuration notes,The system shall save configuration notes in JSON format.
Section 2.2.1,Does not specify the supported file formats for saving configuration tags,The system shall save configuration tags in JSON format.
Section 2.2.1,Does not specify the supported file formats for saving configuration labels,The system shall save configuration labels in JSON format.
Section 2.2.1,Does not specify the supported file formats for saving configuration attributes,The system shall save configuration attributes in JSON format.
Section 2.2.1,Does not specify the supported file formats for saving configuration properties,The system shall save configuration properties in JSON format.
Section 2.2.1,Does not specify the supported file formats for saving configuration settings,The system shall save configuration settings in JSON format.
Section 2.2.1,Does not specify the supported file formats for saving configuration options,The system shall save configuration options in JSON format.
Section 2.2.1,Does not specify the supported file formats for saving configuration parameters,The system shall save configuration parameters in JSON format.
Section 2.2.1,Does not specify the supported file formats for saving configuration values,The system shall save configuration values in JSON format.
Section 2.2.1,Does not specify the supported file formats for saving configuration keys,The system shall save configuration keys in JSON format.
Section 2.2.1,Does not specify the supported file formats for saving configuration items,The system shall save configuration items in JSON format.
Section 2.2.1,Does not specify the supported file formats for saving configuration elements,The system shall save configuration elements in JSON format.
Section 2.2.1,Does not specify the supported file formats for saving configuration components,The system shall save configuration components in JSON format.
Section 2.2.1,Does not specify the supported file formats for saving configuration modules,The system shall save configuration modules in JSON format.
Section 2.2.1,Does not specify the supported file formats for saving configuration units,The system shall save configuration units in JSON format.
Section 2.2.1,Does not specify the supported file formats for saving configuration entities,The system shall save configuration entities in JSON format.
Section 2.2.1,Does not specify the supported file formats for saving configuration objects,The system shall save configuration objects in JSON format.
Section 2.2.1,Does not specify the supported file formats for saving configuration resources,The system shall save configuration resources in JSON format.
Section 2.2.1,Does not specify the supported file formats for saving configuration assets,The system shall save configuration assets in JSON format.
Section 2.2.1,Does not specify the supported file formats for saving configuration artifacts,The system shall save configuration artifacts in JSON format.
Section 2.2.1,Does not specify the supported file formats for saving configuration documents,The system shall save configuration documents in JSON format.
Section 2.2.1,Does not specify the supported file formats for saving configuration files,The system shall save configuration files in JSON format.
Section 2.2.1,Does not specify the supported file formats for saving configuration directories,The system shall save configuration directories in JSON format.
Section 2.2.1,Does not specify the supported file formats for saving configuration folders,The system shall save configuration folders in JSON format.
Section 2.2.1,Does not specify the supported file formats for saving configuration paths,The system shall save configuration paths in JSON format.
Section 2.2.1,Does not specify the supported file formats for saving configuration links,The system shall save configuration links in JSON format.
Section 2.2.1,Does not specify the supported file formats for saving configuration references,The system shall save configuration references in JSON format.
Section 2.2.1,Does not specify the supported file formats for saving configuration pointers,The system shall save configuration pointers in JSON format.
Section 2.2.1,Does not specify the supported file formats for saving configuration handles,The system shall save configuration handles in JSON format.
Section 2.2.1,Does not specify the supported file formats for saving configuration tokens,The system shall save configuration tokens in JSON format.
Section 2.2.1,Does not specify the supported file formats for saving configuration identifiers,The system shall save configuration identifiers in JSON format.
Section 2.2.1,Does not specify the supported file formats for saving configuration names,The system shall save configuration names in JSON format.
Section 2.2.1,Does not specify the supported file formats for saving configuration descriptions,The system shall save configuration descriptions in JSON format.
Section 2.2.1,Does not specify the supported file formats for saving configuration metadata,The system shall save configuration metadata in JSON format.
Section 2.2.1,Does not specify the supported file formats for saving configuration annotations,The system shall save configuration annotations in JSON format.
Section 2.2.1,Does not specify the supported file formats for saving configuration comments,The system shall save configuration comments in JSON format.
Section 2.2.1,Does not specify the supported file formats for saving configuration notes,The system shall save configuration notes in JSON format.
Section 2.2.1,Does not specify the supported file formats for saving configuration tags,The system shall save configuration tags in JSON format.
Section 2.2.1,Does not specify the supported file formats for saving configuration labels,The system shall save configuration labels in JSON format.
Section 2.2.1,Does not specify the supported file formats for saving configuration attributes,The system shall save configuration attributes in JSON format.
Section 2.2.1,Does not specify the supported file formats for saving configuration properties,The system shall save configuration properties in JSON format.
Section 2.2.1,Does not specify the supported file formats for saving configuration settings,The system shall save configuration settings in JSON format.
Section 2.2.1,Does not specify the supported file formats for saving configuration options,The system shall save configuration options in JSON format.
Section 2.2.1,Does not specify the supported file formats for saving configuration parameters,The system shall save configuration parameters in JSON format.
Section 2.2.1,Does not specify the supported file formats for saving configuration values,The system shall save configuration values in JSON format.
Section 2.2.1,Does not specify the supported file formats for saving configuration keys,The system shall save configuration keys in JSON format.
Section 2.2.1,Does not specify the supported file formats for saving configuration items,The system shall save configuration items in JSON format.
Section 2.2.1,Does not specify the supported file formats for saving configuration elements,The system shall save configuration elements in JSON format.
Section 2.2.1,Does not specify the supported file formats for saving configuration components,The system shall save configuration components in JSON format.
Section 2.2.1,Does not specify the supported file formats for saving configuration modules,The system shall save configuration modules in JSON format.
Section 2.2.1,Does not specify the supported file formats for saving configuration units,The system shall save configuration units in JSON format.
Section 2.2.1,Does not specify the supported file formats for saving configuration entities,The system shall save configuration entities in JSON format.
Section 2.2.1,Does not specify the supported file formats for saving configuration objects,The system shall save configuration objects in JSON format.
Section 2.2.1,Does not specify the supported file formats for saving configuration resources,The system shall save configuration resources in JSON format.
Section 2.2.1,Does not specify the supported file formats for saving configuration assets,The system shall save configuration assets in JSON format.
Section 2.2.1,Does not specify the supported file formats for saving configuration artifacts,The system shall save configuration artifacts in JSON format.
Section 2.2.1,Does not specify the supported file formats for saving configuration documents,The system shall save configuration documents in JSON format.
Section 2.2.1,Does not specify the supported file formats for saving configuration files,The system shall save configuration files in JSON format.
Section 2.2.1,Does not specify the supported file formats for saving configuration directories,The system shall save configuration directories in JSON format.
Section 2.2.1,Does not specify the supported file formats for saving configuration folders,The system shall save configuration folders in JSON format.
Section 2.2.1,Does not specify the supported file formats for saving configuration paths,The system shall save configuration paths in JSON format.
Section 2.2.1,Does not specify the supported file formats for saving configuration links,The system shall save configuration links in JSON format.
Section 2.2.1,Does no
